Pusho87,nappl3bee
Pusho87,Mad_Melancholy
Pusho87,Sergey_Evil
Pusho87,sekundomer
Pusho87,trtzm
Pusho87,Vsevolodv
Pusho87,st_kirk
Pusho87,Big-Dnk
Pusho87,SergPolchenko
Pusho87,ramis-joker
Pusho87,mom_stockings
Pusho87,MysterMyst
Pusho87,PurpleAcidCandy
Pusho87,bobishh
Pusho87,Misato
Pusho87,last_soulmate
Pusho87,judova
Pusho87,happiless
Pusho87,Jan_Coo
Pusho87,Vestalisa
Pusho87,burato42
Pusho87,la-guw
Pusho87,Miga
Pusho87,mew-mew
Pusho87,ostun
Pusho87,Saveli
Pusho87,baphonet
Pusho87,Puchtek
Pusho87,cooLek-san
nappl3bee,last_soulmate
nappl3bee,Pusho87
Mad_Melancholy,sailorbadass
Mad_Melancholy,iatemyself
Mad_Melancholy,SpinalHelix
Mad_Melancholy,xDVx
Mad_Melancholy,Molovrat
Mad_Melancholy,idontgetitatall
Mad_Melancholy,Sick_Damien
Mad_Melancholy,iamsailor
Mad_Melancholy,PlebeianBoy
Mad_Melancholy,alandriaev
Mad_Melancholy,Hate_the_AcID
Mad_Melancholy,rhaamon
Mad_Melancholy,Witala
Mad_Melancholy,Priest_Of_Luna
Mad_Melancholy,kamini22
Mad_Melancholy,sick_my_duck
Mad_Melancholy,serg_logrus
Mad_Melancholy,Bruttah
Mad_Melancholy,MurdererThief
Mad_Melancholy,sattsattsatt
Mad_Melancholy,LiquidPhill
Mad_Melancholy,ARK_AGE
Mad_Melancholy,SpiralDiptych
Mad_Melancholy,Texas_Carnifex
Mad_Melancholy,pulse47
Mad_Melancholy,TheSadGuy
Mad_Melancholy,MoskiTscuko
Mad_Melancholy,zuh_desperado
Mad_Melancholy,T0P4
Mad_Melancholy,Dorian_November
Mad_Melancholy,Akiba
Mad_Melancholy,boris9262
Mad_Melancholy,mr_TiM_
Mad_Melancholy,Shideru
Mad_Melancholy,Biohazard__
Mad_Melancholy,MathInduction
Sergey_Evil,T0xicValentine
Sergey_Evil,captain_borodec
Sergey_Evil,KozyBog
Sergey_Evil,igorevic
Sergey_Evil,Megoitsu
Sergey_Evil,Pusho87
Sergey_Evil,GalacticOgurec
Sergey_Evil,nekif
Sergey_Evil,ComradeNigga
Sergey_Evil,AndrewVanukov97
Sergey_Evil,phokin-ivan
Sergey_Evil,serg_logrus
Sergey_Evil,EvgeshaRable
Sergey_Evil,Ainiu
Sergey_Evil,zefir40250
Sergey_Evil,Tosol06
Sergey_Evil,cooLek-san
Sergey_Evil,PurpleAcidCandy
Sergey_Evil,Puchtek
Sergey_Evil,TTAJIbI4
Sergey_Evil,SpeciallyDamned
Sergey_Evil,GrachB
Sergey_Evil,Asagava95
Sergey_Evil,RUSTzone
sekundomer,Pusho87
sekundomer,RomanticFool00
sekundomer,ivanshello
sekundomer,GopFM
sekundomer,trifling
sekundomer,DGreenHat
sekundomer,Glazz
sekundomer,Matterkin
sekundomer,ZheltiyChemodan
sekundomer,happiless
trtzm,Pusho87
trtzm,kamaitachi-ag
Vsevolodv,y-frans
Vsevolodv,Pusho87
st_kirk,eyeslikefireee
st_kirk,nogod667
st_kirk,Mr_Sleepy
st_kirk,brandnewshoe
st_kirk,Pedro_Roque
st_kirk,Rocknbagel
st_kirk,scandy
st_kirk,irishtim
st_kirk,feedbeard
st_kirk,xrenyax
st_kirk,searcher-
st_kirk,CrnaMarija
st_kirk,staycold_
st_kirk,marinamelnik
st_kirk,SetToDestroy
st_kirk,sampo64700
st_kirk,lisyatinka
st_kirk,MaryRawwwr
st_kirk,Apeskull
st_kirk,jradeberry
st_kirk,Pusho87
st_kirk,topket
st_kirk,Kaataja
st_kirk,TeenageHell
st_kirk,caseynealon
st_kirk,ralmeida123
st_kirk,SHAUNIXCORE
st_kirk,emeds
st_kirk,supasdf
st_kirk,fissured_
st_kirk,sciencepolice
st_kirk,el_wombato
st_kirk,cashcropca
st_kirk,Agness_Core
st_kirk,xdenox
st_kirk,bicyclerecycle
st_kirk,DeadOrDead
st_kirk,Megabeholder
st_kirk,marlanevermeant
st_kirk,leannevenkman
st_kirk,BurntByTheSun
st_kirk,matyipotter
st_kirk,tratschin
st_kirk,Jessmode
st_kirk,AnnAleks
st_kirk,Bolodr
st_kirk,murdermaker
st_kirk,y__Shakx__y
st_kirk,doublenosik
st_kirk,TxusMx
Big-Dnk,iatemyself
Big-Dnk,lisyatinka
Big-Dnk,Pusho87
Big-Dnk,hitman774
Big-Dnk,ToxiKola
Big-Dnk,zemlyanikin_jes
Big-Dnk,alterman
Big-Dnk,EchelonEffect
Big-Dnk,st_kirk
Big-Dnk,Mankind12
Big-Dnk,dermorez
Big-Dnk,fuck_Canada
Big-Dnk,SysteM1986
Big-Dnk,Smavitaljus
Big-Dnk,RottenOnYard
Big-Dnk,Laguna_Sunrise
Big-Dnk,shot_to_pieces
Big-Dnk,funky_public
Big-Dnk,pretty_malvina
Big-Dnk,D-WiTCHER
Big-Dnk,_Jesse_
Big-Dnk,Snegopad1
Big-Dnk,Seedney
Big-Dnk,sergomartynov
Big-Dnk,abandoned_well
Big-Dnk,last_amigo
Big-Dnk,Serg_666
Big-Dnk,xStaticspinEx
Big-Dnk,xkillswitchx
Big-Dnk,kalian
SergPolchenko,Pusho87
ramis-joker,happiless
ramis-joker,siewier
ramis-joker,Pusho87
ramis-joker,jennyfer_
ramis-joker,cooLek-san
ramis-joker,serg_logrus
ramis-joker,TheOutstars
ramis-joker,Xonixus
ramis-joker,She_miracle
ramis-joker,ReapersWEye
ramis-joker,Offsummer
ramis-joker,Puchtek
ramis-joker,leshka_soad
mom_stockings,ramis-joker
mom_stockings,TyPNsT
mom_stockings,Pusho87
mom_stockings,happiless
MysterMyst,Pusho87
MysterMyst,MilenaMon
MysterMyst,kruassan379
MysterMyst,dan_figueiredo
MysterMyst,Mika85z
MysterMyst,Unforgiven1991
MysterMyst,artem-lma
MysterMyst,Rokita81
MysterMyst,Nadezhda_N
MysterMyst,7Student777
MysterMyst,The_Tapdancer
MysterMyst,Stacy_Sch
MysterMyst,Frantic91
MysterMyst,saint_sanen
MysterMyst,Zverek_SS
MysterMyst,Fleur1989
MysterMyst,Terrennum
MysterMyst,VladimirV84
MysterMyst,igoriok666
MysterMyst,rockvideovovka
MysterMyst,HoneyTroll
MysterMyst,boba_KeyOST
PurpleAcidCandy,realisticwoman
PurpleAcidCandy,Kukudus
PurpleAcidCandy,SPaGetTea
PurpleAcidCandy,SpeciallyDamned
PurpleAcidCandy,Sergey_Evil
PurpleAcidCandy,paparabana
PurpleAcidCandy,cooLek-san
PurpleAcidCandy,serg_logrus
PurpleAcidCandy,Pusho87
PurpleAcidCandy,Puchtek
bobishh,SomnambuIa
bobishh,walawaska
bobishh,xMark_Rentonx
bobishh,BasilShim
bobishh,i_am_ori4ka
bobishh,idontgetitatall
bobishh,Mavra_redfox
bobishh,pivoditov
bobishh,Adri_Dx
bobishh,kukyneverdiess
bobishh,Jan_Mayen
bobishh,Saveli
bobishh,dinosaurpilot
bobishh,SuperJesusBoy
bobishh,slugett
bobishh,t0ffo
bobishh,un_pat_deux_pat
bobishh,zaberi
bobishh,MathInduction
bobishh,sick_my_duck
bobishh,Sad_florenthine
bobishh,Kropidze
bobishh,Verecersy
bobishh,jazuki
bobishh,dd_44P44S
bobishh,glsjawtomatica
bobishh,DakenHowlett
bobishh,aleshapresnov
bobishh,Natawka-romawka
bobishh,xyoungtillidiex
bobishh,Attends
bobishh,qetzal-1up
bobishh,Umaysuckmyballs
bobishh,mishGun
bobishh,_zulu_
bobishh,_Mitchell
bobishh,iatemyself
bobishh,OxO69O
bobishh,CountDegobineau
bobishh,Pusho87
bobishh,la-guw
bobishh,baphonet
bobishh,anna_xrenova
bobishh,Subconscientia
bobishh,Argina
bobishh,TheMescaline
bobishh,yatakayamurka
bobishh,kleineleben
bobishh,tjma
bobishh,Silverchain69
Misato,metal4ik
Misato,Saveli
Misato,bear-sable-lion
Misato,karantir
Misato,KreegXCore
Misato,Latte-di_cocco
Misato,ru13r
Misato,Pusho87
Misato,burato42
Misato,manka-obozhe
Misato,la-guw
Misato,nocsambew
Misato,gypsy_hendrix
Misato,totallyawesome
Misato,pin4eg
Misato,strike_swmp
Misato,Smolny_swamp
Misato,mew-mew
Misato,May_Flower
Misato,partofme
Misato,Voldemar
Misato,Miga
Misato,baphonet
Misato,reddot
Misato,arty.miee
Misato,judova
Misato,doperu
Misato,losiki
Misato,Keks
last_soulmate,Dora58
last_soulmate,Pusho87
judova,Vintovka
judova,radegastic
judova,BarteZ_trial
judova,Pusho87
judova,Latte-di_cocco
judova,manka-obozhe
judova,ru13r
judova,la-guw
judova,Keks
judova,Jui4an
judova,Izzverg
judova,pin4eg
judova,vukycik
judova,zubenqa
judova,strike_swmp
judova,mew-mew
judova,May_Flower
judova,ostun
judova,Miga
judova,baphonet
judova,arty.miee
judova,doperu
judova,Misato
happiless,Pusho87
happiless,Evgen009
happiless,makarosh
happiless,cooLek-san
happiless,ramis-joker
happiless,mom_stockings
happiless,sekundomer
happiless,YASHKASIMON
happiless,prozac_ru
Jan_Coo,_Ferman_
Jan_Coo,axshavan
Jan_Coo,amnenenorm
Jan_Coo,barbuza
Jan_Coo,Brandoniko
Jan_Coo,Kedye
Jan_Coo,Serjeznaya
Jan_Coo,MoonandBack
Jan_Coo,raralika
Jan_Coo,oliaponi
Jan_Coo,GlebMamchic
Jan_Coo,Rom4ikUnga
Jan_Coo,colin_foster
Jan_Coo,Kukla_Vitalij
Jan_Coo,siewier
Jan_Coo,Irbys
Jan_Coo,Zeritas
Jan_Coo,anima_
Jan_Coo,KreegXCore
Jan_Coo,Naugrim_
Jan_Coo,Latte-di_cocco
Jan_Coo,Pusho87
Jan_Coo,nexano
Jan_Coo,anmiles
Jan_Coo,zibyss
Jan_Coo,Snegiri_Music
Jan_Coo,ernied98
Jan_Coo,YenDark
Jan_Coo,Chillka
Jan_Coo,Miga
Jan_Coo,baphonet
Jan_Coo,altaron
Jan_Coo,gogk
Vestalisa,Jekku666
Vestalisa,justine_tranter
Vestalisa,vonNachtmahr
Vestalisa,HAZZZARD
Vestalisa,okispooky
Vestalisa,Glauco_Silva
Vestalisa,Velfare4
Vestalisa,chansonnier
Vestalisa,marcelomfortes
Vestalisa,Stupid_Bat
Vestalisa,Klitermnistra
Vestalisa,Reginatz
Vestalisa,Sirprice
Vestalisa,nightclusing
Vestalisa,imnotsickhehe
Vestalisa,law_larregui
Vestalisa,x990000
Vestalisa,Skrekkugle
Vestalisa,lunaacidfeed
Vestalisa,Enna_bat
Vestalisa,frankensteyn
Vestalisa,Batcavegothy
Vestalisa,piupiulay
Vestalisa,beauty_eyes
Vestalisa,Ethaterica
Vestalisa,Kinededed
Vestalisa,klagprojekt
Vestalisa,joeazzi13
Vestalisa,monster_mack
Vestalisa,lu__ma
Vestalisa,czoer
Vestalisa,furious_engel
Vestalisa,Filthy_Star
Vestalisa,evridica92
Vestalisa,marslaw1
Vestalisa,Verzicht
Vestalisa,Voldemar
Vestalisa,TheSilentArmy
Vestalisa,Hellion_RU
Vestalisa,Diadith
Vestalisa,Doctorrr
Vestalisa,Nachielle
Vestalisa,Stoschi
Vestalisa,Pusho87
Vestalisa,Uppskatta
Vestalisa,JacquiVixen
Vestalisa,hrenov_drummer
Vestalisa,lexusag
Vestalisa,alisalis
Vestalisa,idollisimo
burato42,Saveli
burato42,mew-mew
burato42,Dolphin_Mary
burato42,Zeritas
burato42,Misato
burato42,Pusho87
burato42,Latte-di_cocco
burato42,manka-obozhe
burato42,la-guw
burato42,baphonet
la-guw,giwe4ka
la-guw,lucasthales
la-guw,Lontep
la-guw,chelsey720
la-guw,firuzeg
la-guw,captainkarlsson
la-guw,acckiy_s
la-guw,remsleep_
la-guw,sasha_ptenchik
la-guw,juscina
la-guw,zivot_je_cudo
la-guw,black_cigar
la-guw,Aristos
la-guw,Vintovka
la-guw,Dolphin_Mary
la-guw,Preobrazhenskiy
la-guw,oblakorai
la-guw,ivanshello
la-guw,Valentine85
la-guw,bobishh
la-guw,ostun
la-guw,manka-obozhe
la-guw,Pusho87
la-guw,burato42
la-guw,judova
la-guw,Snegiri_Music
la-guw,serg_logrus
la-guw,strike_swmp
la-guw,Miga
la-guw,Misato
la-guw,reddot
la-guw,Irbys
la-guw,Saveli
la-guw,Latte-di_cocco
la-guw,Sweet_Mathilda
la-guw,mew-mew
la-guw,pin4eg
la-guw,baphonet
Miga,oblakorai
Miga,RadioLynchtown
Miga,skidrage
Miga,bear-sable-lion
Miga,sasha_ptenchik
Miga,bumbaka
Miga,illaniel
Miga,NINlife
Miga,ohqicaralho
Miga,ALLA12
Miga,Dolphin_Mary
Miga,black_cigar
Miga,-FrauSchmidt
Miga,Irbys
Miga,manka-obozhe
Miga,anima_
Miga,mamanet
Miga,Pusho87
Miga,serg_logrus
Miga,la-guw
Miga,Sweet_Mathilda
Miga,volodichko
Miga,pin4eg
Miga,alex-sonar
Miga,Vintovka
Miga,Izzverg
Miga,Jan_Coo
Miga,kykuz
Miga,strike_swmp
Miga,Saveli
Miga,soundofsilenced
Miga,reddot
Miga,mew-mew
Miga,Misato
Miga,Aristos
Miga,ostun
Miga,judova
Miga,baphonet
mew-mew,metal4ik
mew-mew,Paroul
mew-mew,Filuliya
mew-mew,opplya
mew-mew,piupiulay
mew-mew,chuiii
mew-mew,burato42
mew-mew,Spaghettiboy
mew-mew,alvinaisaeva
mew-mew,Myxamop
mew-mew,f0l
mew-mew,sasha_ptenchik
mew-mew,Dolphin_Mary
mew-mew,manka-obozhe
mew-mew,Pusho87
mew-mew,nosferato
mew-mew,Krasnosolnushko
mew-mew,Latte-di_cocco
mew-mew,frank5770
mew-mew,cheshirets
mew-mew,lyap
mew-mew,evra20
mew-mew,Idgik
mew-mew,Vintovka
mew-mew,Saveli
mew-mew,la-guw
mew-mew,pin4eg
mew-mew,sherd
mew-mew,Irbys
mew-mew,strike_swmp
mew-mew,Miga
mew-mew,ostun
mew-mew,baphonet
mew-mew,partofme
mew-mew,Voldemar
mew-mew,judova
mew-mew,Misato
ostun,Latte-di_cocco
ostun,la-guw
ostun,Pusho87
ostun,Irbys
ostun,Saveli
ostun,pin4eg
ostun,mew-mew
ostun,judova
ostun,Miga
ostun,baphonet
Saveli,firuzeg
Saveli,miniminicon
Saveli,cooLek-san
Saveli,metal4ik
Saveli,_Ferman_
Saveli,Urzzza
Saveli,penguinboy
Saveli,ravekeeper
Saveli,Chillka
Saveli,LexyDance1977
Saveli,Chelaxian
Saveli,Voldemar
Saveli,bobishh
Saveli,ValentinPT
Saveli,MishimaReika
Saveli,burato42
Saveli,lyap
Saveli,buger_swamp
Saveli,reddot
Saveli,Misato
Saveli,smpcln
Saveli,Filuliya
Saveli,uburwator
Saveli,Latte-di_cocco
Saveli,GraceValhalla
Saveli,bear-sable-lion
Saveli,Aristos
Saveli,cainvsabel
Saveli,KreegXCore
Saveli,10der
Saveli,b9kos
Saveli,thresh
Saveli,cheburator
Saveli,ALLA12
Saveli,BIGHELL
Saveli,ReDGreeNBoY
Saveli,Pusho87
Saveli,serg_logrus
Saveli,la-guw
Saveli,ostun
Saveli,mew-mew
Saveli,pin4eg
Saveli,Elektralex
Saveli,Vintovka
Saveli,Miga
Saveli,baphonet
baphonet,MisterJunior
baphonet,fuckin_bullet
baphonet,bocharVavilo
baphonet,rinat76
baphonet,SZerenyke
baphonet,ivanshello
baphonet,kyusslover
baphonet,ipsychedelonaut
baphonet,mongiello
baphonet,BorisKrasnov
baphonet,stoner-rock
baphonet,metal4ik
baphonet,Tarantinoss
baphonet,le_bre
baphonet,estetus
baphonet,Zaushkaa
baphonet,Latte-di_cocco
baphonet,Mr_Haide
baphonet,Beenearg
baphonet,denny_cancer
baphonet,Ointiq
baphonet,Filuliya
baphonet,HelgaJee
baphonet,minificus
baphonet,Seminogaja
baphonet,Leon_Killer
baphonet,chansonnier
baphonet,atknot
baphonet,funkyradio_ru
baphonet,b_twisted
baphonet,firuzeg
baphonet,rybarec
baphonet,DreamOn4ever
baphonet,ALLA12
baphonet,Lady_NN
baphonet,juscina
baphonet,hadohy
baphonet,SamTil
baphonet,pintailmusic
baphonet,ufobject
baphonet,alexstar
baphonet,SIRIUSACMA
baphonet,remsleep_
baphonet,Dolphin_Mary
baphonet,oblakorai
baphonet,rubzn
baphonet,Artemida_D
baphonet,sasha_ptenchik
baphonet,qumnica
baphonet,nu_Nu_nu
Puchtek,mariya212
Puchtek,Flike
Puchtek,tapochkomaster
Puchtek,pj-post
Puchtek,Beenearg
Puchtek,Quinkinay
Puchtek,Gerrz
Puchtek,Ppelionj
Puchtek,Henisycki
Puchtek,Orbittta
Puchtek,SpeciallyDamned
Puchtek,MasiaMasia
Puchtek,Cosmic_Calm
Puchtek,FBITS
Puchtek,beholderrk
Puchtek,Sergey_Evil
Puchtek,bumbaka
Puchtek,PurpleAcidCandy
Puchtek,Kosmonafft
Puchtek,Pusho87
Puchtek,She_miracle
Puchtek,ReapersWEye
Puchtek,jennyfer_
Puchtek,serg_logrus
Puchtek,daborro
Puchtek,ramis-joker
Puchtek,leshka_soad
Puchtek,kazachis4e
Puchtek,cooLek-san
Puchtek,vanesskaktus
Puchtek,Xesued
Puchtek,Offsummer
cooLek-san,Saveli
cooLek-san,happiless
cooLek-san,UmZerro
cooLek-san,bangbangstyle
cooLek-san,Sergey_Evil
cooLek-san,PurpleAcidCandy
cooLek-san,sim27
cooLek-san,Chillka
cooLek-san,_Ferman_
cooLek-san,beholderrk
cooLek-san,Myp3uk
cooLek-san,serg_logrus
cooLek-san,ramis-joker
cooLek-san,jennyfer_
cooLek-san,Pusho87
cooLek-san,daborro
cooLek-san,kazachis4e
cooLek-san,leshka_soad
cooLek-san,Xesued
cooLek-san,Offsummer
cooLek-san,Puchtek
Pusho87,nappl3bee
Pusho87,Mad_Melancholy
Pusho87,Sergey_Evil
Pusho87,sekundomer
Pusho87,trtzm
Pusho87,Vsevolodv
Pusho87,st_kirk
Pusho87,Big-Dnk
Pusho87,SergPolchenko
Pusho87,ramis-joker
Pusho87,mom_stockings
Pusho87,MysterMyst
Pusho87,PurpleAcidCandy
Pusho87,bobishh
Pusho87,Misato
Pusho87,last_soulmate
Pusho87,judova
Pusho87,happiless
Pusho87,Jan_Coo
Pusho87,Vestalisa
Pusho87,burato42
Pusho87,la-guw
Pusho87,Miga
Pusho87,mew-mew
Pusho87,ostun
Pusho87,Saveli
Pusho87,baphonet
Pusho87,Puchtek
Pusho87,cooLek-san
sailorbadass,closed_casket
sailorbadass,sergechuvilin
sailorbadass,theownsky
sailorbadass,dottslakttrad
sailorbadass,violenceranger
sailorbadass,fr0zen-skin
sailorbadass,creattt
sailorbadass,Mad_Melancholy
sailorbadass,magnetowasnice
sailorbadass,eguile
sailorbadass,perestroika
sailorbadass,Kuba2704
sailorbadass,net_spasibo
sailorbadass,sick_my_duck
sailorbadass,permanent_ice
sailorbadass,evghoul
sailorbadass,Napaaalm
sailorbadass,leavemydog
sailorbadass,AnnMokrushina
sailorbadass,slugett
sailorbadass,El_Waff
sailorbadass,iatemyself
sailorbadass,Bluetoothovich
sailorbadass,gamisama
sailorbadass,luiza22
sailorbadass,Silly_Troll
sailorbadass,astrojuggernaut
sailorbadass,FuryGinger
sailorbadass,idontgetitatall
sailorbadass,MathInduction
sailorbadass,guttertwin_
sailorbadass,BLOODPAIN
iatemyself,rusted_lincoln
iatemyself,entkl
iatemyself,gmtd
iatemyself,gatovelkurone
iatemyself,net_spasibo
iatemyself,morilval
iatemyself,Big-Dnk
iatemyself,nyctalops
iatemyself,BLOODPAIN
iatemyself,LeChamO
iatemyself,Melaena
iatemyself,sailorbadass
iatemyself,Mad_Melancholy
iatemyself,katenka_ju
iatemyself,Priest_Of_Luna
iatemyself,AnnMokrushina
iatemyself,Treats4TheSOUL
iatemyself,SpinalHelix
iatemyself,slugett
iatemyself,un_pat_deux_pat
iatemyself,sky_and_sea
iatemyself,xLOATHSOMEx
iatemyself,NamelessButcher
iatemyself,BleedingFlower
iatemyself,IMX-101
iatemyself,giant_7
iatemyself,idontgetitatall
iatemyself,mymerri
iatemyself,MathInduction
iatemyself,Dadaev_v_o
iatemyself,KattyMonroe
iatemyself,xk00dyax
iatemyself,chainstore
iatemyself,vitalii_nesquik
iatemyself,SuperJesusBoy
iatemyself,kalian
iatemyself,dd_44P44S
iatemyself,fuck_Canada
iatemyself,permanent_ice
iatemyself,sick_my_duck
iatemyself,DOS_NIK
iatemyself,matsodCrew
iatemyself,Joynose
iatemyself,kobstar
iatemyself,Koprofaq
iatemyself,Punk-FUN
iatemyself,wander_tf
iatemyself,violent_Xtian
iatemyself,joi84
iatemyself,Leon199281
SpinalHelix,neutrinoid
SpinalHelix,soFFa4ka
SpinalHelix,Aspel
SpinalHelix,vikosinka
SpinalHelix,doabarrelrol_
SpinalHelix,RosesOfTomorrow
SpinalHelix,MeowMuthafucka
SpinalHelix,akaLisenok
SpinalHelix,siskaberry
SpinalHelix,PollyHate
SpinalHelix,glsv
SpinalHelix,godesu
SpinalHelix,ckencuc
SpinalHelix,Buhoy_schoolboy
SpinalHelix,Metal4ever88
SpinalHelix,LianExilecore
SpinalHelix,shakrashiva
SpinalHelix,JIe0H
SpinalHelix,nogod667
SpinalHelix,Airinyan
SpinalHelix,Mengele_Cat_
SpinalHelix,brandnewshoe
SpinalHelix,dorohoro
SpinalHelix,lerakosmos
SpinalHelix,Jane_the_ring
SpinalHelix,hymnofthefjords
SpinalHelix,FrrrrrRrrroDo
SpinalHelix,PiedPaper
SpinalHelix,Stjernefodt
SpinalHelix,astralandshit
SpinalHelix,const_ftl
SpinalHelix,Korirot
SpinalHelix,pegfuen
SpinalHelix,Nteslaband
SpinalHelix,MODS_EQUAL_GODS
SpinalHelix,EishunK
SpinalHelix,AlisaMelisa
SpinalHelix,TheGreatestFan
SpinalHelix,Hadakan
SpinalHelix,Solar_Smile
SpinalHelix,mikael631
SpinalHelix,Vantaig
SpinalHelix,J-qn
SpinalHelix,faguri_pqp
SpinalHelix,Meeeeerkat
SpinalHelix,Dream-core
SpinalHelix,Iron_Storm
SpinalHelix,Re6en
SpinalHelix,Kira_vne_zakona
SpinalHelix,MyNaughtyGuard
xDVx,LoK-TaR
xDVx,Nteslaband
xDVx,DepressedPsycho
xDVx,Stepano_Olegano
xDVx,brutal-bass
xDVx,Jukish
xDVx,LazyMoron
xDVx,Cheapf
xDVx,PROSTOARTYR
xDVx,paperpassenger
xDVx,shatelei
xDVx,Misty_Hunt
xDVx,endy616
xDVx,olegblackjack
xDVx,TheRoyalNL
xDVx,dark_ben
xDVx,burning_august
xDVx,Bring_Me_Out
xDVx,Funny_Sunny
xDVx,yarik407
xDVx,ode_of_fallen
xDVx,SergJJB
xDVx,itwassoclear
xDVx,Yaroslav_Reznik
xDVx,Azospirilla
xDVx,le-desordre
xDVx,Allsystemss
xDVx,Shyrka1988
xDVx,cosmi4eskaya
xDVx,Billykiller
xDVx,HARM13
xDVx,Basstraxer
xDVx,polly_molly
xDVx,inthebark
xDVx,tomatenassi
xDVx,Miss_DeaDDisney
xDVx,RashidAbdula
xDVx,nightcar
xDVx,trollforjustice
xDVx,deaf_deaf
xDVx,Kosyakova_i
xDVx,lastnn
xDVx,nialleh
xDVx,OmenRa
xDVx,FuckJoy
xDVx,518811
xDVx,Lemur-
xDVx,statistic_idiot
xDVx,False_God_
xDVx,Art_exe
Molovrat,Nteslaband
Molovrat,ExiledRecords
Molovrat,SuperOrtem
Molovrat,Dream-Odyssey
Molovrat,Joe_Alfanael
Molovrat,eightPie
Molovrat,Mary_Lovegood
Molovrat,alfirino
Molovrat,chansonnier
Molovrat,O_oh_la
Molovrat,Shashashell
Molovrat,sevenstepss
Molovrat,felicia_ganzer
Molovrat,Anast_Mars
Molovrat,AnxiousDisorder
Molovrat,Tory_G
Molovrat,Idealisticlies
Molovrat,TheCharlottes
Molovrat,Lite_my_fire
Molovrat,Forurself
Molovrat,oopsfobia
Molovrat,aya-yaa
Molovrat,HolyAsphyxia
Molovrat,loveGermany
Molovrat,Ann_Simf
Molovrat,nastiacooly
Molovrat,necrosisgerm
Molovrat,Mad_Melancholy
Molovrat,erotic_honey
Molovrat,Madame_Todfrau
Molovrat,Isabel-C
Molovrat,silenciobob
Molovrat,kokoshaa
Molovrat,discorpi
Molovrat,Dinara_Bruni
Molovrat,LovePickles
Molovrat,Five_colors
Molovrat,AshtrayHeart09
Molovrat,hezar
Molovrat,deadbysun
Molovrat,xAtimcaX
Molovrat,Mojito_mint
Molovrat,Vikki8
Molovrat,k0schka
Molovrat,charlieshit23
Molovrat,chelsey720
Molovrat,tutti-frutti-
Molovrat,nyaalina
Molovrat,sakirkys
Molovrat,Misfortune_76
idontgetitatall,kostochka91
idontgetitatall,drowsybaker
idontgetitatall,whysolina
idontgetitatall,Disso-Nant
idontgetitatall,sirmuerte
idontgetitatall,nervous_break
idontgetitatall,pegfuen
idontgetitatall,chansonnier
idontgetitatall,bocharVavilo
idontgetitatall,violent_Xtian
idontgetitatall,bobishh
idontgetitatall,eucalyptVagina
idontgetitatall,odietern
idontgetitatall,morganweird
idontgetitatall,Lodi-Dodi
idontgetitatall,deecember
idontgetitatall,sailorbadass
idontgetitatall,nsbld
idontgetitatall,kalian
idontgetitatall,AnnMokrushina
idontgetitatall,opooshka
idontgetitatall,ksetty
idontgetitatall,slugett
idontgetitatall,HAREKING
idontgetitatall,dd_44P44S
idontgetitatall,un_pat_deux_pat
idontgetitatall,MaryRawwwr
idontgetitatall,sick_my_duck
idontgetitatall,BlackStar16160
idontgetitatall,paperpassenger
idontgetitatall,Milly_Mitz
idontgetitatall,alexschelldorf
idontgetitatall,biriska
idontgetitatall,taksa555
idontgetitatall,Koprofaq
idontgetitatall,snukisnuki
idontgetitatall,trent576
idontgetitatall,Crystalseth
idontgetitatall,Ilyich79
idontgetitatall,FourPhonica
idontgetitatall,net_spasibo
idontgetitatall,m_q
idontgetitatall,soundasleepband
idontgetitatall,inextirpable_
idontgetitatall,CerridwensHawk
idontgetitatall,MascaraMS
idontgetitatall,VulkanikasPlace
idontgetitatall,Onlywanderer
idontgetitatall,betrayergirl
idontgetitatall,eccentric_child
Sick_Damien,Nteslaband
Sick_Damien,ink_fly
Sick_Damien,KittieGrave
Sick_Damien,natavirich
Sick_Damien,Darkiya
Sick_Damien,Ryttha
Sick_Damien,burning_august
Sick_Damien,SpinalHelix
Sick_Damien,franael75
Sick_Damien,abeliaaden
Sick_Damien,Flamelord
Sick_Damien,aquaticmien
Sick_Damien,D-Lusion
Sick_Damien,Tyki_Mikk_
Sick_Damien,Dr__Caligari
Sick_Damien,karolina-krolik
Sick_Damien,BllackBirrd
Sick_Damien,made-of-scars
Sick_Damien,allExx13s
Sick_Damien,ReveLucidee
Sick_Damien,terpsyhora
Sick_Damien,SomeMurderScene
Sick_Damien,sheiko23
Sick_Damien,Ask_Sofi
Sick_Damien,hoowloow
Sick_Damien,Bomj_and_Polina
Sick_Damien,incarmine
Sick_Damien,k0schka
Sick_Damien,Owl_of_Minerva
Sick_Damien,No_Harm
Sick_Damien,amiwhoami
Sick_Damien,renardZ
Sick_Damien,CatalinaGromov
Sick_Damien,natalivirich
Sick_Damien,velarean
Sick_Damien,Blanika
Sick_Damien,Pzykhoparazyte
Sick_Damien,helldriver62
Sick_Damien,Soliness
Sick_Damien,tmnslv
Sick_Damien,cosmic-drifter
Sick_Damien,Genocidal420
Sick_Damien,Embassy516
Sick_Damien,Froodu
Sick_Damien,Metoriaus
Sick_Damien,gloomyphantom
Sick_Damien,Glazuka
Sick_Damien,Ldoraw
Sick_Damien,IcelandDreamer
Sick_Damien,Pledingg
iamsailor,sixthson
iamsailor,CremasterCrew
iamsailor,motor_pig
iamsailor,whysolina
iamsailor,phirnis
iamsailor,xthisisglamourx
iamsailor,PitaDauphin
iamsailor,oberland
iamsailor,delayecho
iamsailor,andrey-svetofor
iamsailor,axl559
iamsailor,motonameyotia
iamsailor,dareecarrey
iamsailor,Czernau
iamsailor,into_the_sound
iamsailor,denver22
iamsailor,bopapocalypse
iamsailor,einbetungzahl
iamsailor,astralandshit
iamsailor,naliak
iamsailor,loulou311
iamsailor,roamin
iamsailor,wasserkirche
iamsailor,yellingjord
iamsailor,benhatesmusic
iamsailor,gimmetinnitus
iamsailor,tchike
iamsailor,tradem
iamsailor,AeterSaath
iamsailor,Humtaba
iamsailor,pissrain
iamsailor,beardom
iamsailor,emoke
iamsailor,mehdiieee
iamsailor,mairi_d
iamsailor,inthr0
iamsailor,Jon-Naas
iamsailor,Furvus
iamsailor,abeliaaden
iamsailor,ChimingSoul
iamsailor,Mark-Ward
iamsailor,low_cuts
iamsailor,doomvillain
iamsailor,FirebearerDA
iamsailor,behawioryzm
iamsailor,bria_tharen
iamsailor,louis_plt
iamsailor,HGriffe
iamsailor,Robin7861
iamsailor,sorin75
PlebeianBoy,Oblivionized
PlebeianBoy,braneezluv
PlebeianBoy,Krabat0815
PlebeianBoy,selfik21
PlebeianBoy,Sickboysucks
PlebeianBoy,kwsn
PlebeianBoy,reggierat
PlebeianBoy,fade__out
PlebeianBoy,darksoulll
PlebeianBoy,THShows
PlebeianBoy,Dennydrow
PlebeianBoy,Rock-A-Rolla
PlebeianBoy,LeDesespoir
PlebeianBoy,nightskylooker
PlebeianBoy,Luxury_Cannibal
PlebeianBoy,skazzembar
PlebeianBoy,Huuukes
PlebeianBoy,lil_edman_76
PlebeianBoy,onelifeago
PlebeianBoy,Usthehr
PlebeianBoy,Onsiolo
PlebeianBoy,bambinovuoto
PlebeianBoy,tonyllados
PlebeianBoy,bokaclem
PlebeianBoy,arrowsparrow
PlebeianBoy,Will-wild
PlebeianBoy,noscrumnowin
PlebeianBoy,majorel
PlebeianBoy,sabouchi
PlebeianBoy,ForestScum
PlebeianBoy,Nowanewh
PlebeianBoy,EliseBoularan
PlebeianBoy,Henisycki
PlebeianBoy,Ffistur
PlebeianBoy,NoiseRus
PlebeianBoy,psychoviolence
PlebeianBoy,Mad_Melancholy
PlebeianBoy,last_venice
PlebeianBoy,allianou
PlebeianBoy,Shat_Shat_Tart
PlebeianBoy,sic_162
PlebeianBoy,neofluxx
PlebeianBoy,McMonsieur
PlebeianBoy,KaRiDuDe
PlebeianBoy,sebantiheroes
PlebeianBoy,XcitrusX
PlebeianBoy,Seb_TTB
PlebeianBoy,hpdesrosiers
PlebeianBoy,hoo_ha_man
PlebeianBoy,Mitozz
alandriaev,Henisycki
alandriaev,Ldoraw
alandriaev,Watanagashi-hen
alandriaev,Niko_Petrich
alandriaev,daliwali
alandriaev,fragments
alandriaev,trashymomma
alandriaev,MurdererThief
alandriaev,tima_rou
alandriaev,False_God_
alandriaev,KoGHarN
alandriaev,Mad_Melancholy
alandriaev,Cloudloud
alandriaev,Fake_Queen
alandriaev,Event696
alandriaev,AlexFuckt
alandriaev,Amanda-Avoiding
alandriaev,gorgo_hell
alandriaev,Super_Andrusha
alandriaev,Aboye
alandriaev,Alesana_Lovett
alandriaev,bulcayquema
alandriaev,Tanya_Horizon
alandriaev,acidcoffin
alandriaev,newrockkid
alandriaev,HomerRock
Hate_the_AcID,Hashima_is_Dead
Hate_the_AcID,WarLordX10
Hate_the_AcID,Solar__Anus
Hate_the_AcID,fallium
Hate_the_AcID,frankensteyn
Hate_the_AcID,RobixXx
Hate_the_AcID,Pecheneg
Hate_the_AcID,MD-Rogue
Hate_the_AcID,air_lore
Hate_the_AcID,Mad_Melancholy
Hate_the_AcID,DizNot
Hate_the_AcID,standard_user
Hate_the_AcID,Derfag
Hate_the_AcID,Lucifer-922
Hate_the_AcID,Blockhead_Is_Me
Hate_the_AcID,VaNe666
Hate_the_AcID,shiga85
Hate_the_AcID,Inspirituality
Hate_the_AcID,Kassm
Hate_the_AcID,AurelianoPolk
Hate_the_AcID,KAMrADOX
Hate_the_AcID,Kirill-sax
Hate_the_AcID,alexstrannik666
Hate_the_AcID,Zerry_Leppenz
Hate_the_AcID,x_TLS_x
Hate_the_AcID,SnowMaiden92
Hate_the_AcID,Stoned_Marshall
Hate_the_AcID,TEOPEMA
Hate_the_AcID,sp808
Hate_the_AcID,Ed_Motorhead
Hate_the_AcID,I_AtiLLA_I
rhaamon,carebearbubbles
rhaamon,TheCancel
rhaamon,lison7
rhaamon,FlyingLotusFan
rhaamon,Jusitm
rhaamon,Marinenimes
rhaamon,Mad_Melancholy
rhaamon,dull-like-dick
rhaamon,BriceMarsha
rhaamon,Billy_Le_Disque
rhaamon,moshayi
rhaamon,jcharnell
rhaamon,michael-r101
rhaamon,Felisun
rhaamon,volarex
rhaamon,DjibZ
Witala,LetourSoulFly
Witala,gorelking
Witala,pixel_ju1ce
Witala,HomerRock
Witala,ereop
Witala,gonja-sufi
Witala,domesticwoman
Witala,franael75
Witala,Henisycki
Witala,Venderska
Witala,Prersenyn
Witala,Ldoraw
Witala,Orknongr
Witala,Ointoode
Witala,Mad_Melancholy
Witala,All_Zottt
Witala,Bogomirr
Witala,Neurotica
Witala,Sethsethseth
Witala,Glazuka
Witala,MovementWFAHM
Witala,Dantyle
Witala,Ruberium
Witala,Jull_Lucas
Witala,barryfromgnsd
Priest_Of_Luna,phonopathy
Priest_Of_Luna,Mefistofel36
Priest_Of_Luna,Nteslaband
Priest_Of_Luna,kapitoncd
Priest_Of_Luna,iatemyself
Priest_Of_Luna,undead_bear
Priest_Of_Luna,CapitalBass
Priest_Of_Luna,moorka
Priest_Of_Luna,orbitochka
Priest_Of_Luna,kalekula
Priest_Of_Luna,net_spasibo
Priest_Of_Luna,xDVx
Priest_Of_Luna,Daria_09
Priest_Of_Luna,alarika
Priest_Of_Luna,Isabel-C
Priest_Of_Luna,mazdakit
Priest_Of_Luna,m0x-nix
Priest_Of_Luna,isa_beth
Priest_Of_Luna,Luckys3ven
Priest_Of_Luna,Shoodorub
Priest_Of_Luna,bearded_toons
Priest_Of_Luna,Vertillu
Priest_Of_Luna,ooopsididit
Priest_Of_Luna,Inilt
Priest_Of_Luna,ishmurat0v
Priest_Of_Luna,killobot
Priest_Of_Luna,HavocB
Priest_Of_Luna,Raaskolnikov
Priest_Of_Luna,Re2peR
Priest_Of_Luna,Killer_Jo
Priest_Of_Luna,IIV7
Priest_Of_Luna,bardik
Priest_Of_Luna,sick_my_duck
Priest_Of_Luna,Mad_Melancholy
Priest_Of_Luna,moeko_paranoid
Priest_Of_Luna,safpip
Priest_Of_Luna,arb00z
Priest_Of_Luna,chansonnier
Priest_Of_Luna,Zelenyi_lis
Priest_Of_Luna,an4oys108
Priest_Of_Luna,arboozjordanos
Priest_Of_Luna,jesusson420
Priest_Of_Luna,INeverCameDrCox
Priest_Of_Luna,un_pat_deux_pat
Priest_Of_Luna,salvia_listener
Priest_Of_Luna,NeoT0xin
Priest_Of_Luna,Ritorikal_quest
Priest_Of_Luna,beyourselfordie
Priest_Of_Luna,kalian
Priest_Of_Luna,Istletoe
kamini22,Jimsonisolation
kamini22,AniaDinga
kamini22,use_less_
kamini22,renihilater
kamini22,mafzor
kamini22,Ostvalds
kamini22,divinebottle
kamini22,barabaka19
kamini22,MathInduction
kamini22,PllyViolence
kamini22,hoatzin
kamini22,oneofthe
kamini22,Texas_Carnifex
kamini22,Vi_Sha
kamini22,FakelEstikerl
kamini22,Mad_Melancholy
kamini22,Biohazard__
kamini22,uhavefailed
kamini22,kapitan_govno
kamini22,stoppamig
kamini22,fr_slade
kamini22,lachrymaldoom
kamini22,Viktoriya-Hedg
kamini22,LiquidPhill
kamini22,KMFCM
kamini22,Jureiko
kamini22,Andrew_Almighty
kamini22,5LettersLong
sick_my_duck,bartman89
sick_my_duck,Saver-Acari
sick_my_duck,GGPasha
sick_my_duck,AnnMokrushina
sick_my_duck,sailorbadass
sick_my_duck,FranMalvino
sick_my_duck,pegfuen
sick_my_duck,bocharVavilo
sick_my_duck,VulkanikasPlace
sick_my_duck,SpinalHelix
sick_my_duck,opooshka
sick_my_duck,Zadr123
sick_my_duck,koalovna
sick_my_duck,CryptJaintor
sick_my_duck,idontgetitatall
sick_my_duck,Etemum
sick_my_duck,Isabel-C
sick_my_duck,Jan_Mayen
sick_my_duck,eminguliyevpost
sick_my_duck,irene_sh
sick_my_duck,t0ffo
sick_my_duck,anna545
sick_my_duck,MD-Rogue
sick_my_duck,Al_lAAl_lA
sick_my_duck,dagoh
sick_my_duck,bobishh
sick_my_duck,un_pat_deux_pat
sick_my_duck,sp808
sick_my_duck,LovePickles
sick_my_duck,natalivirich
sick_my_duck,ksyu-ksyu
sick_my_duck,Melomanoff
sick_my_duck,Koprofaq
sick_my_duck,SuperJesusBoy
sick_my_duck,Derke
sick_my_duck,net_spasibo
sick_my_duck,Tall_La_Carn
sick_my_duck,yandexx
sick_my_duck,blazer_
sick_my_duck,MathInduction
sick_my_duck,PllyViolence
sick_my_duck,Priest_Of_Luna
sick_my_duck,rtyke
sick_my_duck,giddycarousel
sick_my_duck,iatemyself
sick_my_duck,FuryGinger
sick_my_duck,erfirel
sick_my_duck,Mad_Melancholy
sick_my_duck,oh_darkside
sick_my_duck,moeko_paranoid
serg_logrus,RUSTzone
serg_logrus,Sergey_Evil
serg_logrus,baker-baker
serg_logrus,le-desordre
serg_logrus,SpeciallyDamned
serg_logrus,povilas_sako
serg_logrus,FlaPenguin
serg_logrus,Ksu_Euphoria
serg_logrus,xDVx
serg_logrus,Kedye
serg_logrus,Henisycki
serg_logrus,Tedisitui
serg_logrus,VesperCore
serg_logrus,Shideru
serg_logrus,DelllaROCCO
serg_logrus,Atlanta00000000
serg_logrus,Mad_Melancholy
serg_logrus,seaneen1982
serg_logrus,eatmewhilesooo
serg_logrus,PurpleAcidCandy
serg_logrus,fall_out_cat
serg_logrus,mental_
serg_logrus,Sagoth_
serg_logrus,helgakir
serg_logrus,KreegXCore
serg_logrus,ZaWertun
serg_logrus,cooLek-san
serg_logrus,Taffimai
serg_logrus,kazachis4e
serg_logrus,ru13r
serg_logrus,baphonet
serg_logrus,la-guw
serg_logrus,Miga
serg_logrus,Saveli
serg_logrus,ramis-joker
serg_logrus,Puchtek
Bruttah,katrin-nmf
Bruttah,Pan4oKid
Bruttah,KinskiPaganini
Bruttah,wildmill
Bruttah,straighttoface
Bruttah,x_Panic_x
Bruttah,viniciusrispoli
Bruttah,thebeej84
Bruttah,stuff4ik
Bruttah,Nteslaband
Bruttah,bocharVavilo
Bruttah,TheArtofShred88
Bruttah,brainbrain
Bruttah,Darkiya
Bruttah,xcrybutterflyx
Bruttah,70melbatoast
Bruttah,Gifarus
Bruttah,lostmozd
Bruttah,the_puss
Bruttah,Saatanremulus
Bruttah,President100
Bruttah,Telroa
Bruttah,Optom-deshevle
Bruttah,incompl3te
Bruttah,4z3
Bruttah,colin_laney
Bruttah,NicholasBellic
Bruttah,DenOpium
Bruttah,Booreq
Bruttah,Valery_Loboda
Bruttah,Bartecki84
Bruttah,vrumie
Bruttah,alientool
Bruttah,Aleksandar87
Bruttah,KI5
Bruttah,Thalamus8
Bruttah,brothabarbarian
Bruttah,Theodore_Bundy
Bruttah,iNfinitiKi11
Bruttah,status__seeker
Bruttah,soothingtrance
Bruttah,Luxferre_t
Bruttah,lasmus93
Bruttah,PopZR
Bruttah,Qramohn
Bruttah,Sun_Death
Bruttah,1Raz1
Bruttah,vict0r85
Bruttah,NamelessButcher
Bruttah,jakrut
MurdererThief,Tearsofjoy8
MurdererThief,olegblackjack
MurdererThief,SuperVanya
MurdererThief,Christian420
MurdererThief,alandriaev
MurdererThief,Panchill1
MurdererThief,Toliki
MurdererThief,Deathozz
MurdererThief,AmbuurMURDER
MurdererThief,I_am_copybook
MurdererThief,ivanshello
MurdererThief,generalHirohito
MurdererThief,DarkPrinceArtes
MurdererThief,kleimoment
MurdererThief,Stroker7
MurdererThief,A____T____A
MurdererThief,Disabl
MurdererThief,False_God_
MurdererThief,vorsygan
MurdererThief,witcher123
MurdererThief,DumbSick
MurdererThief,yuliaborobylia
MurdererThief,sciencepolice
MurdererThief,il-brutto
MurdererThief,ForgetYourPast
MurdererThief,Boobies4
MurdererThief,x_BORED_x
MurdererThief,uhavefailed
MurdererThief,Explodingheads
MurdererThief,Mad_Melancholy
MurdererThief,tasha_grapes
MurdererThief,ChriSThaaRippeR
MurdererThief,RoyalViper
MurdererThief,Freaky_Niky
MurdererThief,KT814A
MurdererThief,Arey24656
MurdererThief,BldRvn
MurdererThief,From-a-Buick-8
MurdererThief,krispella
MurdererThief,Enflammer
MurdererThief,i_dura4ek
MurdererThief,DieDrunk
MurdererThief,SinJz
MurdererThief,PllyViolence
MurdererThief,LiquidPhill
MurdererThief,bwrg
MurdererThief,BabzaBloom
MurdererThief,wowbuddha
MurdererThief,EugeneKush
MurdererThief,BlameYourSelf
sattsattsatt,AnthonyAbigail
sattsattsatt,rainydream
sattsattsatt,casseybunn
sattsattsatt,SphsFlrbrd
sattsattsatt,InYourDark
sattsattsatt,imkei
sattsattsatt,Sveta33222
sattsattsatt,HairInYourFace
sattsattsatt,invalidopinions
sattsattsatt,ExiledRecords
sattsattsatt,illninoese
sattsattsatt,AxKxR
sattsattsatt,SHAUNIXCORE
sattsattsatt,kachsonik
sattsattsatt,RivanJuandika
sattsattsatt,xchuckbronsonx
sattsattsatt,sha666y
sattsattsatt,LastSoulkiller
sattsattsatt,GR-78
sattsattsatt,Loki_VanHouer
sattsattsatt,skullflowers
sattsattsatt,sleepmakewaves
sattsattsatt,Tasyadhanika
sattsattsatt,reishaomega
sattsattsatt,zedo
sattsattsatt,DustandLight
sattsattsatt,ShannSixx
sattsattsatt,shittheadd
sattsattsatt,shoeboxgrief
sattsattsatt,Rebecko
sattsattsatt,ode_of_fallen
sattsattsatt,Boorkina
sattsattsatt,al3x0
sattsattsatt,roxdani07
sattsattsatt,ikindaloveyoux
sattsattsatt,TheCatrina
sattsattsatt,lifeanddecay
sattsattsatt,pakogah
sattsattsatt,Bowlly703
sattsattsatt,zbrd
sattsattsatt,zeknir
sattsattsatt,melodicinfusion
sattsattsatt,HimitsuEspada
sattsattsatt,NateRevell
sattsattsatt,rachmakharsa
sattsattsatt,reidddd
sattsattsatt,bebheq
sattsattsatt,cheezeybaines
sattsattsatt,legavin
sattsattsatt,killthisrobot
LiquidPhill,E_music_lastfm
LiquidPhill,thalled
LiquidPhill,keepcalmer
LiquidPhill,sumliennie
LiquidPhill,sergeyprofess
LiquidPhill,Kids_Kids
LiquidPhill,inyourshoes
LiquidPhill,buffalokay
LiquidPhill,cletus77
LiquidPhill,Frosty47
LiquidPhill,zloigadik
LiquidPhill,Coresak
LiquidPhill,boogie_with_stu
LiquidPhill,ForLoveAndPeace
LiquidPhill,tacodelgato
LiquidPhill,FimmiFimmi
LiquidPhill,TramNED
LiquidPhill,Zabapas
LiquidPhill,bloodyy_milk
LiquidPhill,chosencorrectly
LiquidPhill,Gzoom0
LiquidPhill,leonid-gord-off
LiquidPhill,brony_boy
LiquidPhill,DougYon
LiquidPhill,voguevibes
LiquidPhill,k_maestro
LiquidPhill,HomerRock
LiquidPhill,Sslaff
LiquidPhill,Fight2BeFree
LiquidPhill,Vargstjern
LiquidPhill,meterLink
LiquidPhill,subtlerfuge
LiquidPhill,egorovmaksim
LiquidPhill,kex_guru
LiquidPhill,Kristy_Insolent
LiquidPhill,un1roid
LiquidPhill,GorizontZavalen
LiquidPhill,Ludamage
LiquidPhill,KMFCM
LiquidPhill,Elekrisiti
LiquidPhill,rett_zanuda
LiquidPhill,felixthet
LiquidPhill,DestroyxElysia
LiquidPhill,xdrummercorex
LiquidPhill,Nomina_Obscura
LiquidPhill,you_play
LiquidPhill,alismor
LiquidPhill,kversilova
LiquidPhill,bradp676
LiquidPhill,sheer_svetla
ARK_AGE,Kygen33
ARK_AGE,Abscurat
ARK_AGE,marsalakid
ARK_AGE,nogod667
ARK_AGE,thatsmaathilde
ARK_AGE,double_SWAG
ARK_AGE,Nteslaband
ARK_AGE,rogee_shmee
ARK_AGE,AsceticVertigo
ARK_AGE,thrashidolatry
ARK_AGE,pfvrlorena
ARK_AGE,djkoposoff
ARK_AGE,evgeniytim
ARK_AGE,cheatachue
ARK_AGE,Shakatom
ARK_AGE,nak_Zeroabsolu
ARK_AGE,Chernousik
ARK_AGE,driesvanbedaf
ARK_AGE,Smile_You_Die
ARK_AGE,Kloodz
ARK_AGE,Asphyz
ARK_AGE,BurnAfterMe
ARK_AGE,Fallen_Batman
ARK_AGE,melodysaveme
ARK_AGE,GrafGeorg
ARK_AGE,Bwazakada
ARK_AGE,Crown_Me
ARK_AGE,parapoux79
ARK_AGE,SoLightlyThrown
ARK_AGE,bullet_78
ARK_AGE,LuiggyWurgz
ARK_AGE,mtl_14
ARK_AGE,TorruWearsPrada
ARK_AGE,alcohowl
ARK_AGE,JaneDoe082285
ARK_AGE,cartatoto
ARK_AGE,thisismerge
ARK_AGE,pwarriner
ARK_AGE,intothewayside
ARK_AGE,dimitreeband
ARK_AGE,Thelema1906
ARK_AGE,iamsailor
ARK_AGE,sickness_ch
ARK_AGE,pranayudha
ARK_AGE,yebi_plz
ARK_AGE,posterock
ARK_AGE,noscrumnowin
ARK_AGE,GantP
ARK_AGE,ManuYukio
ARK_AGE,selfik21
SpiralDiptych,nsbld
SpiralDiptych,noriokun9
SpiralDiptych,Zadr123
SpiralDiptych,kulik91
SpiralDiptych,Killpainer
SpiralDiptych,Andrey_Kitaev
SpiralDiptych,XXXToryLaneXXX
SpiralDiptych,Moon-sama
SpiralDiptych,orbitochka
SpiralDiptych,Biohazard__
SpiralDiptych,SpinalHelix
SpiralDiptych,mazdakit
SpiralDiptych,Orknongr
SpiralDiptych,WTonbIp
SpiralDiptych,faith_no_more_
SpiralDiptych,Misii
SpiralDiptych,SacredPray
SpiralDiptych,Post_grechka
SpiralDiptych,Vertillu
SpiralDiptych,Oselye
SpiralDiptych,ooopsididit
SpiralDiptych,Ldoraw
SpiralDiptych,fridaysun7
SpiralDiptych,ada_arizona
SpiralDiptych,Yappyplay
SpiralDiptych,rolo__tomassi
SpiralDiptych,sploitius
SpiralDiptych,mypoorgranny
SpiralDiptych,willbeok
SpiralDiptych,AsparagusBukake
SpiralDiptych,ScarfLover
SpiralDiptych,blazer_
SpiralDiptych,Osaka_la
SpiralDiptych,Asmasis
SpiralDiptych,FriendlyFire610
SpiralDiptych,Steppencat
SpiralDiptych,Cominbacktome
SpiralDiptych,lobzik911
SpiralDiptych,Estafius
SpiralDiptych,ri_summer
SpiralDiptych,iskra_iskra
SpiralDiptych,chansonnier
SpiralDiptych,lisa-oakes
SpiralDiptych,Maldito__X
SpiralDiptych,Fake_Queen
SpiralDiptych,frida564
SpiralDiptych,Clifford_Spab
SpiralDiptych,AlcoTrash123
SpiralDiptych,YaSvetlaya
SpiralDiptych,organizZm
Texas_Carnifex,Ngliekhedel
Texas_Carnifex,I_AtiLLA_I
Texas_Carnifex,blksbeautiful
Texas_Carnifex,edmotorhead
Texas_Carnifex,Dominicanbred
Texas_Carnifex,unshamed_snail
Texas_Carnifex,emmer_etwas
Texas_Carnifex,DarkRogi
Texas_Carnifex,WestSideTrippin
Texas_Carnifex,NightCrusher
Texas_Carnifex,ston_ed
Texas_Carnifex,declared
Texas_Carnifex,EightBitKid
Texas_Carnifex,Stankata
Texas_Carnifex,Rob1e
Texas_Carnifex,Starscream616
Texas_Carnifex,andreyreme
Texas_Carnifex,Mivagaidea
Texas_Carnifex,NIGGAAPLEASE
Texas_Carnifex,Ed_Motorhead
Texas_Carnifex,Sivolday
Texas_Carnifex,x_TLS_x
Texas_Carnifex,quartermind
Texas_Carnifex,AndyLoug
Texas_Carnifex,Originalovv
Texas_Carnifex,dovzhenko
Texas_Carnifex,boy_named_jesus
Texas_Carnifex,kamini22
Texas_Carnifex,ruby_by
Texas_Carnifex,gadgethehater
Texas_Carnifex,barabaka19
Texas_Carnifex,Larizoido
Texas_Carnifex,FuryGinger
Texas_Carnifex,Nano_Warrior
Texas_Carnifex,Megalomaniac_29
Texas_Carnifex,tgrnnnchshshsh
Texas_Carnifex,RealScreamo
Texas_Carnifex,ZloyENot
Texas_Carnifex,oneofthe
Texas_Carnifex,old_GoFI
Texas_Carnifex,ReamM
Texas_Carnifex,worst_astronaut
Texas_Carnifex,Arey24656
Texas_Carnifex,deepyyy
Texas_Carnifex,WhoIsThatGuy
Texas_Carnifex,Anonimshit
Texas_Carnifex,rumish_muffin
Texas_Carnifex,hardcore_doll
Texas_Carnifex,GooD22
Texas_Carnifex,Hashima_is_Dead
pulse47,eat_my_organs
pulse47,cannonsshoot
pulse47,Sex-assistant
pulse47,darahas
pulse47,RedKadiz
pulse47,Wooooohh
pulse47,travis0927
pulse47,Madame_Todfrau
pulse47,HorrorKid1313
pulse47,cryingcockroach
pulse47,Dream9Scream
pulse47,patichka
pulse47,Rocker_Andrews
pulse47,foxbators121
pulse47,Anissa_Kelsey
pulse47,Mad_Melancholy
pulse47,hot_rw
pulse47,v0mitface
pulse47,SilentDrum
pulse47,BananaHamock
pulse47,pestra
pulse47,soacomocaos
pulse47,Moll-Holl
pulse47,Buka23
pulse47,Romulus25
pulse47,izpodvypodverta
pulse47,HuiZnaet
pulse47,Einer_von_Ihnen
pulse47,metallislayer
pulse47,so_whats
pulse47,vanishingpoint7
pulse47,flabiola
pulse47,Blackflagin
pulse47,sunshine_kiufte
pulse47,Aligheri
pulse47,luvbadbrainslol
pulse47,shi-tsu
pulse47,ameliezombie
pulse47,brubsss
pulse47,FoxVsRaccoon
pulse47,ironnix
pulse47,Dismayed
pulse47,kitsunee
pulse47,putenkrab
pulse47,Vic_Lo
pulse47,metheorqa
pulse47,HerionorSuicide
pulse47,FiliRoman
pulse47,power_egg
pulse47,BeBoyMasta
TheSadGuy,renihilater
TheSadGuy,Watanagashi-hen
TheSadGuy,_NoVa_
TheSadGuy,Istletoe
TheSadGuy,SINXXXX
TheSadGuy,nsbm24
TheSadGuy,ColdTruth
TheSadGuy,MeandersUK
TheSadGuy,fuck_my_brain
TheSadGuy,dzaofun
TheSadGuy,Andrewcreator
TheSadGuy,LukePoisoner
TheSadGuy,kosm-o
TheSadGuy,altsky
TheSadGuy,artemtmb666
TheSadGuy,Drak0n0r
TheSadGuy,The_New_Blood
TheSadGuy,DarkIcelord
TheSadGuy,Mad_Melancholy
TheSadGuy,circlepit_crew
TheSadGuy,Monya4ka
TheSadGuy,Feuerkind_
TheSadGuy,PllyViolence
TheSadGuy,frozen_dusk
TheSadGuy,Biohazard__
TheSadGuy,NolanF
TheSadGuy,superMegatron
TheSadGuy,SenetianVnares
TheSadGuy,topfookinbuzz
TheSadGuy,Theodore_Bundy
TheSadGuy,taitibob
TheSadGuy,dimeramid
TheSadGuy,adriozz
TheSadGuy,ulirka
TheSadGuy,standard_user
TheSadGuy,Paxeiru
TheSadGuy,cass1e
TheSadGuy,anna--core
TheSadGuy,birtheater_
TheSadGuy,V4ner
TheSadGuy,B_O_
TheSadGuy,LobotomiyaMozga
TheSadGuy,Dmoses
TheSadGuy,xcrybutterflyx
TheSadGuy,Gogfa
TheSadGuy,Krika_freak
TheSadGuy,lolo_xD
TheSadGuy,vitazzz
TheSadGuy,Shideru
TheSadGuy,silentEviL_
MoskiTscuko,Ann363
MoskiTscuko,zvynuota
MoskiTscuko,julioyam
MoskiTscuko,_bigger
MoskiTscuko,franael75
MoskiTscuko,Iron__Hide
MoskiTscuko,Mad_Melancholy
MoskiTscuko,exoltt
MoskiTscuko,Your_Monster
MoskiTscuko,zonked90
MoskiTscuko,anna--core
MoskiTscuko,Anakom
MoskiTscuko,ANDERSSON05
MoskiTscuko,jijicoco
MoskiTscuko,lonelystar11
MoskiTscuko,Malshchukoff
zuh_desperado,motor_pig
zuh_desperado,d-m0n
zuh_desperado,q2loop
zuh_desperado,esterkrol
zuh_desperado,ivanov240
zuh_desperado,Wasser440
zuh_desperado,Krupskaya1
zuh_desperado,sskvortsov
zuh_desperado,ArcEnigma
zuh_desperado,destiriser
zuh_desperado,4ikitka
zuh_desperado,TTT79
zuh_desperado,murik_aka_4up
zuh_desperado,Paynomindtous
zuh_desperado,salamanda_uk
zuh_desperado,afrofushi
zuh_desperado,iamonthewane
zuh_desperado,FudoKazuki
zuh_desperado,ilovemts
zuh_desperado,Bowlly703
zuh_desperado,Moonkeemooo
zuh_desperado,AtolMoon
zuh_desperado,henry_rost
zuh_desperado,yechojja
zuh_desperado,celestial_A
zuh_desperado,bi0-tech
zuh_desperado,SIRIUSACMA
zuh_desperado,bc_ranger
zuh_desperado,tchaustalker
zuh_desperado,Penny_Lane_1
zuh_desperado,kratkoijasno
zuh_desperado,nisamtoja
zuh_desperado,quietlyquietlyq
zuh_desperado,myutopianworld
zuh_desperado,With_MySelf
zuh_desperado,Magainweb
zuh_desperado,xfdl
zuh_desperado,Dixon13
zuh_desperado,UtkonosCrew
zuh_desperado,messenjah90
zuh_desperado,Vziel
zuh_desperado,lorenzer
zuh_desperado,lov3craft
zuh_desperado,bratyk_artyr
zuh_desperado,Guayusa
zuh_desperado,LeDesespoir
zuh_desperado,alicejarmusch
zuh_desperado,iamGum
zuh_desperado,HusqyisonLastfm
zuh_desperado,pandacannotyell
T0P4,Mefistofel36
T0P4,Prinesigorizont
T0P4,Ann-Pyshenko
T0P4,Christian420
T0P4,Mariani_Wine
T0P4,satansandwich
T0P4,Aidan_91
T0P4,Antikillers
T0P4,sprrrnun
T0P4,Glinkar
T0P4,sigurn-psi
T0P4,kingenotov
T0P4,Real_Xiena
T0P4,FairFiNN
T0P4,supervilkin
T0P4,Mad_Melancholy
T0P4,xStaticspinEx
T0P4,DevilsRage
Dorian_November,griha121
Dorian_November,phcmru
Dorian_November,Ponka1337
Dorian_November,inyourshoes
Dorian_November,tund12a
Dorian_November,Real_Hero
Dorian_November,tyf_martial
Dorian_November,radioroomy
Dorian_November,An_Andrew_Drum
Dorian_November,lichnostprod
Dorian_November,FraiKrosovkin
Dorian_November,iragalian
Dorian_November,bambivoid
Dorian_November,lofime
Dorian_November,Infidelo
Dorian_November,Abirvalk6613
Dorian_November,Tracii_Guns
Dorian_November,Kuzu_no
Dorian_November,art-drs
Dorian_November,whysolina
Dorian_November,AtmosphericPhil
Dorian_November,anarchy_angels
Dorian_November,LanaCruel666
Dorian_November,Ramrout
Dorian_November,Bratizer
Dorian_November,Sergey_radiofan
Dorian_November,beercosmetics
Dorian_November,Cteklovata
Dorian_November,Buhoy_schoolboy
Dorian_November,Dark_Scarecrow
Dorian_November,talover
Dorian_November,LucasKlockner
Dorian_November,WinterEE
Dorian_November,E_music_lastfm
Dorian_November,lidaamber
Dorian_November,double_SWAG
Dorian_November,keepcalmer
Dorian_November,allexmind
Dorian_November,AliceSatan
Dorian_November,MatthewNobody
Dorian_November,Lung_Carcinoma
Dorian_November,I13L666
Dorian_November,rou_iden
Dorian_November,egoroth
Dorian_November,Angelina333
Dorian_November,aiinnke
Dorian_November,Nteslaband
Dorian_November,homelike_
Dorian_November,Jonny_Nordy
Dorian_November,roda-ro
Akiba,Divlana
Akiba,haruko_0
Akiba,rinat76
Akiba,marquismgolaugh
Akiba,NormanGrey
Akiba,olegblackjack
Akiba,Nei_
Akiba,detroit8
Akiba,Murka_S
Akiba,amilee
Akiba,versiloff
Akiba,erfirel
Akiba,AkaZen
Akiba,JeffreyWay
Akiba,franael75
Akiba,Earesedj
Akiba,Aeonfall
Akiba,Quiliresso
Akiba,Biohazard__
Akiba,sadrunkpoorly
Akiba,Drag46
Akiba,drainiard
Akiba,rudelobster
Akiba,Fooly__Cooly
Akiba,The_BBSea
Akiba,VortexJane
Akiba,Mudvayne257
Akiba,CloraxHurd
Akiba,Estafius
Akiba,D-kun
Akiba,Mad_Melancholy
Akiba,v1nt_42
Akiba,keithapparatus
Akiba,MathInduction
Akiba,siluerty
Akiba,LiquidPhill
Akiba,Shkeroo
Akiba,soirkar
Akiba,Kotik_Amadeo
Akiba,Kampai1
Akiba,IHATEGOD
Akiba,save_and_exit
Akiba,boldog
Akiba,Thefa11
Akiba,Nurglych
Akiba,holy_capuccino
Akiba,SnutsBuzz
boris9262,Ozzoid
boris9262,Mankunianets
boris9262,Alex_VodkaLemon
boris9262,Serb2012
boris9262,Mad_Melancholy
boris9262,Niroki
boris9262,TJoker187
boris9262,DrElliot
boris9262,P142H
mr_TiM_,Re-Vitality
mr_TiM_,ffuckyou
mr_TiM_,Dorian_November
mr_TiM_,chibinatalka
mr_TiM_,Lenorololo
mr_TiM_,Scud_Katana
mr_TiM_,kitty_pornstar
mr_TiM_,alaserquest
mr_TiM_,SysFckr
mr_TiM_,stormy_clouds
mr_TiM_,Jordisson
mr_TiM_,Radio_Hurma
mr_TiM_,eatendream
mr_TiM_,lazyXbitch
mr_TiM_,Zombienation1
mr_TiM_,Rocker_Andrews
mr_TiM_,C_e_r_b_e_R_U_S
mr_TiM_,Pink_pony_
mr_TiM_,Mad_Melancholy
mr_TiM_,JayneLein
mr_TiM_,Viper_pm
mr_TiM_,Danny_Zombie
mr_TiM_,Skvoznoe
mr_TiM_,Zaebiga
mr_TiM_,thismodernfuck
mr_TiM_,Vitali4
mr_TiM_,Darth_fox
mr_TiM_,4ob1k
mr_TiM_,Metal_Warger
mr_TiM_,FireLorD_74
mr_TiM_,Kyler_ural
mr_TiM_,Got_the_Life
mr_TiM_,DroVoseck
mr_TiM_,Liguid-Snake
mr_TiM_,F_L_A_T_R_O_N
Shideru,megaxomk
Shideru,bocharVavilo
Shideru,Nteslaband
Shideru,maryhase
Shideru,AtmosphericPhil
Shideru,SilenttDreameR
Shideru,SuperOrtem
Shideru,jearrr
Shideru,ifuckedthesys
Shideru,sociac
Shideru,ira_ostrovskaya
Shideru,nohallftones
Shideru,Kre_ker
Shideru,Dnestry
Shideru,feonear
Shideru,spiderfap
Shideru,vakeev
Shideru,f0rtvilelse
Shideru,green_whirlpool
Shideru,Chernousik
Shideru,letting_go
Shideru,nsbld
Shideru,olegblackjack
Shideru,cordially_ink
Shideru,bagira_220589
Shideru,Ann_Simf
Shideru,icyhands
Shideru,burning_august
Shideru,CFD2
Shideru,R1kka
Shideru,HAREKING
Shideru,PRW666
Shideru,Na1L
Shideru,OH_squirrel
Shideru,fragnetick
Shideru,nobodyknowit
Shideru,xdrummercorex
Shideru,igaRock
Shideru,lol555666
Shideru,sunpocrisy
Shideru,gavnovsupe
Shideru,MsdFugaS
Shideru,vladimir_death
Shideru,RRReptile
Shideru,Porno_channel
Shideru,Bromgecksin
Shideru,Yappyplay
Shideru,ODEYALkO
Shideru,net_spasibo
Shideru,KatyaPetrova
Biohazard__,MishaGiovanni
Biohazard__,angeliquemiaou
Biohazard__,glsv
Biohazard__,SaMsKaRiK
Biohazard__,byShef
Biohazard__,HighTrad
Biohazard__,deadpoeet
Biohazard__,iKuzma
Biohazard__,Pesttanz88
Biohazard__,alenzza
Biohazard__,pkmmur
Biohazard__,Satan1st
Biohazard__,mari0rdinary
Biohazard__,Metalfanatic666
Biohazard__,zellwegerenee
Biohazard__,telefon_anonim
Biohazard__,jfading
Biohazard__,itwassoclear
Biohazard__,ElenCox
Biohazard__,Medic84
Biohazard__,MaryRawwwr
Biohazard__,zh1ra
Biohazard__,aldishammer
Biohazard__,RamisAbbas
Biohazard__,FrrrrrRrrroDo
Biohazard__,mashailienko
Biohazard__,Hello_Kate
Biohazard__,Cherry_Truck
Biohazard__,Urberk
Biohazard__,Giant_G
Biohazard__,Moutcaas
Biohazard__,galakt_320
Biohazard__,sapizhak
Biohazard__,exOptimusPrimex
Biohazard__,nsbld
Biohazard__,HeaVY_DrAgGoN
Biohazard__,zzashpaupat
Biohazard__,Little-Alien
Biohazard__,doctor_parshina
Biohazard__,koalovna
Biohazard__,PretenderMate
Biohazard__,SpinalHelix
Biohazard__,Mrs_Crow
Biohazard__,nightskylooker
Biohazard__,Eddie-TH
Biohazard__,Xelonne
Biohazard__,zuh_desperado
Biohazard__,SpiralDiptych
Biohazard__,xDVx
Biohazard__,snickerseliseev
MathInduction,net_spasibo
MathInduction,fairygoth69
MathInduction,leavemydog
MathInduction,evghoul
MathInduction,Draftpodium
MathInduction,Procyon_Lotor
MathInduction,ayaribaregis
MathInduction,yourdoom
MathInduction,sailorbadass
MathInduction,Punk-FUN
MathInduction,Veelzebub
MathInduction,permanent_ice
MathInduction,obrazeena
MathInduction,kitchen_knife
MathInduction,egor_finder
MathInduction,kamini22
MathInduction,capitosh
MathInduction,AnnMokrushina
MathInduction,slugett
MathInduction,Shigr
MathInduction,Bromgecksin
MathInduction,Di_Vi
MathInduction,bobishh
MathInduction,Kuba2704
MathInduction,TIOJIEHIoKA
MathInduction,Matthew_KKK
MathInduction,SuperJesusBoy
MathInduction,xCyprienx
MathInduction,Koprofaq
MathInduction,Sslaff
MathInduction,BLOODPAIN
MathInduction,iatemyself
MathInduction,zaiatc_zaiatc
MathInduction,kalian
MathInduction,SeoJiHun
MathInduction,quietwalkonedge
MathInduction,idontgetitatall
MathInduction,bartman89
MathInduction,sick_my_duck
MathInduction,IAmUndead
MathInduction,DeSao
MathInduction,avaske
MathInduction,Violence91
MathInduction,Estafius
MathInduction,Akiba
MathInduction,AlcoTrash123
MathInduction,BuzBuzBuzen
MathInduction,Mad_Melancholy
T0xicValentine,welshDC
T0xicValentine,h1mka
T0xicValentine,gossteady
T0xicValentine,NecroPhobic_
T0xicValentine,Vainknot666
T0xicValentine,cam0mila
T0xicValentine,otvesnayaliniya
T0xicValentine,litecrush
T0xicValentine,8Otany8
T0xicValentine,Sergey_Evil
T0xicValentine,AitorAsier
T0xicValentine,S3rj_C
T0xicValentine,FiftySven
T0xicValentine,Sennheiser419
T0xicValentine,XxLYNKZxX
T0xicValentine,LordSnow-
T0xicValentine,AlinaGnedaya
T0xicValentine,summitm
T0xicValentine,VitalySeleduev
T0xicValentine,Guest003
T0xicValentine,Alternative93
T0xicValentine,DystopianBy
T0xicValentine,Chinoj5
T0xicValentine,PrinceLansten
T0xicValentine,sw1ne
T0xicValentine,HearTbeaT139
T0xicValentine,Alex_Fuck
T0xicValentine,cvs24
T0xicValentine,Mic_28
T0xicValentine,carbunculum
T0xicValentine,Jorahhh
T0xicValentine,Ins1de_out
T0xicValentine,BoothMiltTony
T0xicValentine,Ateiluj1
T0xicValentine,zaharoff0
T0xicValentine,Kerny96
T0xicValentine,andrepyk
T0xicValentine,DreamTheater-
T0xicValentine,Cerga
T0xicValentine,EvenSlay
T0xicValentine,Mickyby
T0xicValentine,Slavzer
T0xicValentine,scotttopic
T0xicValentine,thekayns
T0xicValentine,vershanya
T0xicValentine,TheBeigeKid
T0xicValentine,amytysteen
T0xicValentine,Polarbaer88
T0xicValentine,estfer
T0xicValentine,zombiance
captain_borodec,matty_nett
captain_borodec,Vainknot666
captain_borodec,R1kka
captain_borodec,finalprice
captain_borodec,Sergey_Evil
captain_borodec,poliwonder
captain_borodec,Mefistofel36
captain_borodec,s34rching
captain_borodec,duxaka
captain_borodec,lidakisa
captain_borodec,6apb1ra
captain_borodec,slug_13
captain_borodec,February01
captain_borodec,Sapochka
captain_borodec,FanTasY483
captain_borodec,KsenyaWilder
captain_borodec,Victoria_Owl
captain_borodec,Hey_Ginger1
captain_borodec,Kre_ker
captain_borodec,grettt
captain_borodec,AnnyRysia
captain_borodec,Qteb
captain_borodec,vasilova
captain_borodec,tORReNt_BoY
captain_borodec,Jazonova
captain_borodec,gera_tg
captain_borodec,Soulfeeling1
captain_borodec,tarantula-
captain_borodec,mat888pakk
captain_borodec,aimeemeow
captain_borodec,sam-raven
captain_borodec,BurnAfterMe
captain_borodec,Antony-George
captain_borodec,Moskinson
KozyBog,IIo_oI
KozyBog,Sergey_Evil
KozyBog,h1mka
KozyBog,tiqurillo
KozyBog,FuckIdiotDrugs
KozyBog,jana1hagoodhr
KozyBog,pavel_gosplan
KozyBog,negat1ve0
KozyBog,As__Al
KozyBog,ivanshello
KozyBog,Ben3in
KozyBog,kpubou
KozyBog,Kirpitnev_ILua
KozyBog,Kate_Kros
KozyBog,k_loginova
KozyBog,RaymanCell
KozyBog,rastailya
KozyBog,IreneDelonge
KozyBog,VivianCadaver
KozyBog,Slowly_to_Die
KozyBog,Neur0mance
igorevic,Sergey_Evil
igorevic,Tyurinaaa
igorevic,Efanny_
Megoitsu,Holypersimmon
Megoitsu,TheFourthDemon
Megoitsu,Alinaalexeeva
Megoitsu,Sergey_Evil
